Date,Open,High,Low,Close,Adj Close,Volume
21-01-2020,615121.75,623231.1875,608199,622532.8125,622532.8125,1.71525E+12
22-01-2020,622412.9375,625266.25,614155.625,617293.625,617293.625,1.60709E+12
23-01-2020,617277.5625,619705.5625,594446.625,599645.0625,599645.0625,1.83825E+12
24-01-2020,599577.4375,607312.875,589636.5625,602374.8125,602374.8125,1.74019E+12
25-01-2020,601995.75,603303.375,591732,596840.9375,596840.9375,1.40136E+12
26-01-2020,596595.75,613582.25,593831.625,613184.875,613184.875,1.58186E+12
27-01-2020,613219,641458.5625,614277.6875,636606.5625,636606.5625,2.04685E+12
28-01-2020,636799.875,666709.6875,634641.3125,666709.6875,666709.6875,2.45058E+12
29-01-2020,666629.9375,670772.625,661005.75,664368.875,664368.875,2.18798E+12
30-01-2020,664325.1875,683717.25,660655.3125,680558.6875,680558.6875,2.31735E+12
31-01-2020,680510,680792.4375,659991.25,668553.5,668553.5,2.10439E+12
01-02-2020,668255.25,674902.1875,665887.25,671581.1875,671581.1875,1.85344E+12
02-02-2020,671362.8125,677009.5625,659065.1875,668112.75,668112.75,2.20472E+12
03-02-2020,668135.5625,680458.4375,659650.5,662852,662852,2.20635E+12
04-02-2020,662803.5625,663546.3125,648012,652858.25,652858.25,2.1257E+12
05-02-2020,653032.6875,690635.5625,652364.125,684379.6875,684379.6875,2.50746E+12
06-02-2020,684692.6875,700524.8125,680217.625,693764.0625,693764.0625,2.68305E+12
07-02-2020,693493.1875,703339.625,695564.8125,700566.6875,700566.6875,2.46893E+12
08-02-2020,700361.25,706345.625,692196.9375,705513.875,705513.875,2.51536E+12
09-02-2020,705426.3125,724414.5,704458.5625,723501.875,723501.875,2.56083E+12
10-02-2020,723422.1875,724824.125,697644.3125,702781.3125,702781.3125,2.80828E+12
11-02-2020,702730,727826.625,693558.5,727697.125,727697.125,2.68375E+12
12-02-2020,727280.1875,741127.9375,727492.5,736310.6875,736310.6875,3.09784E+12
13-02-2020,736161.375,745404,721064.8125,728065.625,728065.625,3.51803E+12
14-02-2020,727864,738300.375,724248.0625,737593.6875,737593.6875,3.09985E+12
15-02-2020,737718.1875,739699.4375,706287.1875,707359.875,707359.875,3.13753E+12
16-02-2020,707342.375,719139.875,695422.5,710589.75,710589.75,3.10251E+12
17-02-2020,710741.875,710903.25,678785.4375,691482.6875,691482.6875,3.28241E+12
18-02-2020,691560.3125,727619.875,689702.625,726014.75,726014.75,3.3839E+12
19-02-2020,726143.75,730122,688591.8125,689985.5625,689985.5625,3.36578E+12
20-02-2020,689694.625,690410.4375,684231.1875,690676.4375,690676.4375,3.22932E+12
21-02-2020,690914.125,697942.375,689003.875,696334.0625,696334.0625,2.94239E+12
22-02-2020,696425,697181.5625,690172.375,694662,694662,2.57631E+12
23-02-2020,694671.8125,714347.8125,694274.4375,713421.3125,713421.3125,2.96059E+12
24-02-2020,713210.5625,715378.75,687787.6875,695287.375,695287.375,3.24801E+12
25-02-2020,695369.375,695472,668640.1875,671481.8125,671481.8125,3.056E+12
26-02-2020,671236.3125,672421.4375,623430.1875,632196,632196,3.61377E+12
27-02-2020,632523.625,640131.1875,614757.875,629795.5,629795.5,3.25994E+12
28-02-2020,630099.125,637712.875,613249.0625,625934.4375,625934.4375,3.2194E+12
29-02-2020,625844.75,633381.25,620669.5625,620669.5625,620669.5625,2.58332E+12
01-03-2020,620687.5625,629856.5625,611409.75,617995.125,617995.125,2.55133E+12
02-03-2020,618053.625,645929.5,615842.625,642377,642377,3.10392E+12
03-03-2020,642066.875,651223.125,637684.0625,645247.625,645247.625,3.11227E+12
04-03-2020,645303.125,650208.5,639858.4375,643466.8125,643466.8125,2.55371E+12
05-03-2020,643837.125,674889.3125,643614.375,670517.5,670517.5,2.93192E+12
06-03-2020,670483.9375,678042.875,667335.3125,675041,675041,3.02107E+12
07-03-2020,674971.0625,678126.9375,657962.1875,659383.8125,659383.8125,2.68024E+12
08-03-2020,659254.4375,659708.6875,599818.8125,600030.75,600030.75,2.95816E+12
09-03-2020,600255,605200.0625,571518.875,589784.625,589784.625,3.49368E+12
10-03-2020,589673.125,600579.75,577471.9375,587119.4375,587119.4375,3.13344E+12
11-03-2020,587146.1875,585056.6875,565759.1875,586831.125,586831.125,2.8693E+12
12-03-2020,586993.3125,588143,361788.2188,370008.5625,370008.5625,4.01811E+12
13-03-2020,373510.2813,430809.0625,309974.4063,411486.1875,411486.1875,5.48456E+12
14-03-2020,412179.25,416036.125,379045,384613.875,384613.875,2.67395E+12
15-03-2020,384665.6875,431477.5938,382315.0313,398630.2188,398630.2188,2.51332E+12
16-03-2020,398106.4375,398106.4375,339365.6875,372605.9375,372605.9375,3.37112E+12
17-03-2020,371721.5625,397345.5313,370185.75,386826.6875,386826.6875,2.85904E+12
18-03-2020,386936.5625,399461,376360.1563,392791.2188,392791.2188,2.84025E+12
19-03-2020,393314.4375,475737.875,390219.625,465331.3125,465331.3125,3.83323E+12
20-03-2020,465365.9375,514568.625,443687.7188,468767.7188,468767.7188,4.11712E+12
21-03-2020,469353.3125,482331.1563,448655.5313,467730.8125,467730.8125,3.21354E+12
22-03-2020,467767.9688,480936.8438,439904.5625,440398.625,440398.625,3.029E+12
23-03-2020,440483.2188,493379.8438,440036.4063,491303.625,491303.625,3.55993E+12
24-03-2020,492860.1563,516593.6563,488411.0625,511582.4375,511582.4375,3.66298E+12
25-03-2020,511879.6563,523761.9063,497116.9063,506731.9063,506731.9063,3.38198E+12
26-03-2020,506285,510282.125,496497.1875,501893.4063,501893.4063,2.63931E+12
27-03-2020,502113.7188,506582.3438,484200.75,484432.5938,484432.5938,2.58963E+12
28-03-2020,484242.125,484260.625,458079.2188,467390.5,467390.5,2.61207E+12
29-03-2020,467647.375,468010,446353.1563,446500.7188,446500.7188,2.13927E+12
30-03-2020,446764.25,491463.0313,445531.8438,484874.4063,484874.4063,2.79784E+12
31-03-2020,484932.0625,490440.4688,481058,485055.25,485055.25,2.46997E+12
01-04-2020,484955.4063,506430.5625,475039.7813,505986.5625,505986.5625,3.08997E+12
02-04-2020,505986.5625,540461,503136.6563,517483.9688,517483.9688,3.63041E+12
03-04-2020,517771.2813,534118.125,510159.7813,514565.4688,514565.4688,2.97858E+12
04-04-2020,514947.2188,525689.625,511745.3438,524816.4375,524816.4375,2.53607E+12
05-04-2020,524435.125,526030.5,513231.3125,517755.6875,517755.6875,2.24987E+12
06-04-2020,517520.9063,552472.875,517127.5,552472.875,552472.875,3.56299E+12
07-04-2020,552614.4375,560828,539678.3125,542859.875,542859.875,3.3468E+12
08-04-2020,543076.875,557804,541362.1875,557164.125,557164.125,2.85364E+12
09-04-2020,557457.9375,557722.5,547764.875,554308.9375,554308.9375,2.64285E+12
10-04-2020,554439.9375,554439.9375,517736.4375,522989.25,522989.25,3.32304E+12
11-04-2020,523137.5625,527603.75,517232.4063,522500.9375,522500.9375,2.37839E+12
12-04-2020,522423.625,542372.625,518844.0625,531033.3125,531033.3125,2.72404E+12
13-04-2020,530616.25,530616.25,508771.5313,521994.0313,521994.0313,2.94506E+12
14-04-2020,521860.125,528885.125,517808.0938,519791.875,519791.875,2.59123E+12
15-04-2020,520029.9375,526873,507432.75,508125.4063,508125.4063,2.47008E+12
16-04-2020,507998.7188,548413.8125,501604.9063,546993.3125,546993.3125,3.59573E+12
17-04-2020,546973.9375,548289.5,539879.0625,542858.125,542858.125,2.48728E+12
18-04-2020,542560.3125,556158.9375,542327.4375,555218.625,555218.625,2.48224E+12
19-04-2020,555467.8125,556967.1875,548286.8125,550494.25,550494.25,2.3975E+12
20-04-2020,550298.9375,554054.375,523975.4688,527109.1875,527109.1875,2.89116E+12
21-04-2020,526942.625,532105.5,525722.4375,529577.8125,529577.8125,2.50843E+12
22-04-2020,529509.8125,546419.25,528578.875,543825.8125,543825.8125,2.54057E+12
23-04-2020,544139,569225.8125,539298.8125,564617.4375,564617.4375,3.30582E+12
24-04-2020,564956.1875,578047.5,564956.1875,576269.6875,576269.6875,2.64339E+12
25-04-2020,576237.75,583173.625,573918.625,577601.25,577601.25,2.51351E+12
26-04-2020,577616.75,587412.875,576950.5625,585831.8125,585831.8125,2.52264E+12
27-04-2020,585797.625,593921.875,585797.625,593921.875,593921.875,2.75508E+12
28-04-2020,594026.25,594383.875,588210.75,593896.1875,593896.1875,2.52466E+12
29-04-2020,593869.875,667758.25,591778.6875,662441.8125,662441.8125,4.53125E+12
30-04-2020,662188.3125,707954.4375,643129.3125,652947.5625,652947.5625,5.04985E+12
01-05-2020,654020.5,684844.9375,653642,672472.375,672472.375,3.34298E+12
02-05-2020,672797.8125,683024.0625,664460.75,681614.25,681614.25,3.04343E+12
03-05-2020,681236.4375,691337.8125,667630.25,672054.6875,672054.6875,3.55775E+12
04-05-2020,671924.5,677503.125,654676.875,674153.1875,674153.1875,3.45817E+12
05-05-2020,674166.5625,684506.8125,670900.3125,683718.375,683718.375,3.27682E+12
06-05-2020,684050.3125,717596.6875,680948.6875,706511.875,706511.875,3.76337E+12
07-05-2020,705988.4375,756565.5625,695609.125,753450.375,753450.375,4.62697E+12
08-05-2020,752287.75,757394.25,738056.4375,742885.0625,742885.0625,3.9082E+12
09-05-2020,742752.25,748843.625,723377,724377.5625,724377.5625,3.51593E+12
10-05-2020,724171.625,724504.75,634124.4375,661405.1875,661405.1875,4.78319E+12
11-05-2020,661337.5,685381.1875,636116.9375,653199.75,653199.75,4.33754E+12
12-05-2020,653852.0625,672719.0625,650758.1875,663584.6875,663584.6875,3.17625E+12
13-05-2020,663653.25,702900.625,663653.25,699292.625,699292.625,3.43673E+12
14-05-2020,699393.8125,739127.375,698492.375,734847.1875,734847.1875,4.25995E+12
15-05-2020,734890.125,736516.125,702727.125,707795.625,707795.625,3.65415E+12
16-05-2020,708178.25,725703.1875,702673.6875,711499.6875,711499.6875,2.74407E+12
17-05-2020,711341.5625,745339.9375,709415.5,733332.25,733332.25,3.03959E+12
18-05-2020,733708.0625,751174.4375,727210.4375,735426.3125,735426.3125,3.16255E+12
19-05-2020,735463.25,744117.625,721839.4375,736585.4375,736585.4375,2.97194E+12
20-05-2020,736304.6875,742369.875,713875.875,719366,719366,2.7607E+12
21-05-2020,719347.8125,721803,670624.375,686917.1875,686917.1875,2.97451E+12
22-05-2020,686809.25,701472.3125,683291.75,697830.8125,697830.8125,2.26547E+12
23-05-2020,698019.6875,706944.5,692931.5625,699860.6875,699860.6875,2.10718E+12
24-05-2020,700088.3125,705873.125,667787.1875,668024.0625,668024.0625,2.47127E+12
25-05-2020,667700.25,679157.5625,661574.3125,675890.25,675890.25,2.37426E+12
26-05-2020,676091.4375,680399.8125,661631.0625,666958.125,666958.125,2.23331E+12
27-05-2020,667133.9375,698497.9375,666890.5625,696799.8125,696799.8125,2.48487E+12
28-05-2020,697097.8125,722656.25,692675.375,721099.1875,721099.1875,2.60159E+12
29-05-2020,721296.375,724728.5,709007.6875,712872.875,712872.875,2.48446E+12
30-05-2020,712857,732879.4375,707405.375,732606.3125,732606.3125,2.47134E+12
31-05-2020,732583,732601,712357.25,714529.4375,714529.4375,2.09753E+12
01-06-2020,714721.75,770001.875,713482.375,767767,767767,2.658E+12
02-06-2020,767442.6875,763553.9375,709429.875,715364.75,715364.75,2.93788E+12
03-06-2020,715661.75,729389.9375,712922.25,727420.75,727420.75,1.88376E+12
04-06-2020,727355.75,745624.75,719737.1875,739536.4375,739536.4375,1.95601E+12
05-06-2020,739504.6875,745899.25,730684.625,730371.125,730371.125,1.77649E+12
06-06-2020,730323.6875,738524.5,724741,729475.4375,729475.4375,1.54442E+12
07-06-2020,729424.375,738194.1875,714700.4375,736968.5,736968.5,1.8891E+12
08-06-2020,737059.9375,738466.4375,730342.125,736812.8125,736812.8125,1.62016E+12
09-06-2020,737029.25,741707.875,730532.0625,739674.75,739674.75,1.79094E+12
10-06-2020,739555.375,749608.5,735070.0625,746965.1875,746965.1875,1.94546E+12
11-06-2020,746964,751236.4375,705290.5625,708222.8125,708222.8125,2.29803E+12
12-06-2020,708139.9375,724027.375,705493,720136.4375,720136.4375,1.71743E+12
13-06-2020,720128.25,721075.875,713692.6875,719713.625,719713.625,1.33413E+12
14-06-2020,719886.5625,720244.875,710019.25,712992.6875,712992.6875,1.44256E+12
15-06-2020,712935.5625,721046.75,684210.75,718047.8125,718047.8125,2.0286E+12
16-06-2020,718318.625,726470.375,714233.125,728741.8125,728741.8125,1.64769E+12
17-06-2020,728417.8125,728927,711676,724133.625,724133.625,1.54124E+12
18-06-2020,724233.8125,724326.625,712640,719070.6875,719070.6875,1.35765E+12
19-06-2020,718952.5625,718565.4375,707185.9375,708232.3125,708232.3125,1.497E+12
20-06-2020,708456.625,716387.75,705133.5,711612,711612,1.30624E+12
21-06-2020,711504.125,716855.625,709179.6875,709423.625,709423.625,1.16851E+12
22-06-2020,709216.6875,731543.6875,708956.6875,731276.8125,731276.8125,1.59947E+12
23-06-2020,730925,730299.75,723541.9375,728123,728123,1.2859E+12
24-06-2020,728311.375,732440.75,702283.5,705452.875,705452.875,1.43624E+12
25-06-2020,705492,705446.875,689129.875,699862.625,699862.625,1.40625E+12
26-06-2020,699574.1875,705131.9375,688660.8125,692973.125,692973.125,1.38713E+12
27-06-2020,693344.1875,696368.3125,680517.125,684084.8125,684084.8125,1.30633E+12
28-06-2020,684317,695592.0625,678801.0625,691438.1875,691438.1875,1.10109E+12
29-06-2020,691169.5,697373.9375,682942.5,694011.0625,694011.0625,1.24295E+12
30-06-2020,693612.875,695808.25,686641.0625,690443.9375,690443.9375,1.18896E+12
01-07-2020,691047.75,703142.5625,687681.0625,696325.6875,696325.6875,1.20514E+12
02-07-2020,696538.0625,692955.75,675871.6875,683252.1875,683252.1875,1.22362E+12
03-07-2020,683359.4375,687875.6875,676505.8125,678634.875,678634.875,9.7673E+11
04-07-2020,678405.5625,685803.4375,676120.0625,682009.1875,682009.1875,9.1785E+11
05-07-2020,681531.4375,684226.8125,670295,677638,677638,9.63621E+11
06-07-2020,677556.375,699483.0625,676498.6875,699483.0625,699483.0625,1.33468E+12
07-07-2020,697519.875,698375.5625,688525.9375,693029.3125,693029.3125,1.03664E+12
08-07-2020,693084.9375,708260.5,692829.625,706560.625,706560.625,1.4765E+12
09-07-2020,706535.1875,706637.0625,693951.125,697124.25,697124.25,1.35253E+12
10-07-2020,696777.8125,698034.3125,686015.6875,697383.125,697383.125,1.26718E+12
11-07-2020,697285.75,698489.8125,691421.375,694832.4375,694832.4375,9.96334E+11
12-07-2020,694885.75,700778.375,691606.875,697210,697210,1.08622E+12
13-07-2020,697263,699493.1875,693621.25,695231.125,695231.125,1.3177E+12
14-07-2020,694861.8125,699261.375,691401,696265.9375,696265.9375,1.3623E+12
15-07-2020,696166.75,698685.6875,688936.375,690849.5625,690849.5625,1.19075E+12
16-07-2020,690785.125,692463.4375,684093.1875,686567.75,686567.75,1.18139E+12
17-07-2020,686536.5,688381.1875,683085.375,685416.75,685416.75,1.04441E+12
18-07-2020,685401.1875,691377.9375,681629.375,685989.5625,685989.5625,9.1769E+11
19-07-2020,685912.125,689162.125,681390.3125,687995.0625,687995.0625,9.69099E+11
20-07-2020,688100.1875,690701.75,683883.625,685029.5,685029.5,1.02824E+12
21-07-2020,684901.125,701946.875,683920.125,698836.9375,698836.9375,1.34697E+12
22-07-2020,698851.3125,711032.5,697086.8125,710687.8125,710687.8125,1.23347E+12
23-07-2020,710820.5625,719008,710468.4375,717179.625,717179.625,1.35833E+12
24-07-2020,717512.1875,719101,709836.6875,712641.4375,712641.4375,1.2369E+12
25-07-2020,712835.1875,725170.125,712142.25,723119.375,723119.375,1.24118E+12
26-07-2020,723352.625,749026,721306.125,740510.875,740510.875,1.53318E+12
27-07-2020,740514.6875,844274.75,740086.625,822141.9375,822141.9375,2.64499E+12
28-07-2020,824131,838111.1875,796006.5,817375.875,817375.875,2.15463E+12
29-07-2020,817385.625,845689.875,813217.8125,830489.3125,830489.3125,1.84176E+12
30-07-2020,830441.75,836322.375,815859.1875,830777.6875,830777.6875,1.70902E+12
31-07-2020,830702.6875,855488.1875,821144.875,848466.1875,848466.1875,1.73541E+12
01-08-2020,848399.0625,883781.3125,842188.3125,881145.125,881145.125,1.95385E+12
02-08-2020,881083.0625,901717.1875,825587.375,828115.3125,828115.3125,2.05351E+12
03-08-2020,827377.75,861675.75,825028.625,845338.0625,845338.0625,1.52373E+12
04-08-2020,845327.125,855775.9375,834275.4375,841131.125,841131.125,1.59507E+12
05-08-2020,840975.75,882705.0625,837241.1875,878648.375,878648.375,1.8259E+12
06-08-2020,878861.4375,892378.25,867960.875,882346.75,882346.75,1.7528E+12
07-08-2020,882280.875,892382.75,855681.0625,870409.25,870409.25,1.73552E+12
08-08-2020,870640.375,885308.8125,867180.0625,881853.25,881853.25,1.31835E+12
09-08-2020,880598.75,885755.375,865821.0625,875972.8125,875972.8125,1.31216E+12
10-08-2020,874961.3125,902903.8125,874961.3125,889387.3125,889387.3125,1.95532E+12
11-08-2020,889652.125,893479.0625,836220.375,851413.5,851413.5,2.01761E+12
12-08-2020,850971.125,877887.6875,841526.75,866195.5625,866195.5625,1.87405E+12
13-08-2020,866455.0625,882652.9375,839458.8125,881735.6875,881735.6875,2.05932E+12
14-08-2020,880876.875,909529.1875,874945.5625,880955.25,880955.25,1.81433E+12
15-08-2020,880942.3125,895502,880942.3125,888203.3125,888203.3125,1.74823E+12
16-08-2020,888277.1875,893383.4375,878583.75,890807.1875,890807.1875,1.54176E+12
17-08-2020,891020.9375,923830.75,883527.0625,915978.5625,915978.5625,2.10993E+12
18-08-2020,915791.25,922063.25,892194.375,894266,894266,1.94222E+12
19-08-2020,894240,897081.625,876323.25,881539.6875,881539.6875,1.83702E+12
20-08-2020,881780.8125,892342.1875,878565.0625,890749,890749,1.51292E+12
21-08-2020,890723.125,892505.75,866555.8125,868617.0625,868617.0625,1.7805E+12
22-08-2020,868091.75,875879.125,857851,875311,875311,1.51538E+12
23-08-2020,875151.4375,877679.125,866176.8125,873954.3125,873954.3125,1.38471E+12
24-08-2020,873867.5625,875105.5,870837.75,873601.4375,873601.4375,1.53444E+12
25-08-2020,873526.75,873591.0625,830927.5625,843803.6875,843803.6875,1.95258E+12
26-08-2020,843860.0625,856043.6875,838498.4375,853137.9375,853137.9375,1.6684E+12
27-08-2020,852933.3125,855094.4375,826108.625,835375.125,835375.125,1.71454E+12
28-08-2020,835515.1875,844313.5625,837245.6875,844085.6875,844085.6875,1.44847E+12
29-08-2020,843980,847240.5,838512.8125,841479.8125,841479.8125,1.2787E+12
30-08-2020,841615,856720.3125,840420.625,856445.4375,856445.4375,1.44503E+12
31-08-2020,856577.125,863236.4375,853660.75,857813.75,857813.75,1.63663E+12
01-09-2020,857703.3125,881649.3125,852007.75,874639.1875,874639.1875,1.99556E+12
02-09-2020,874225.9375,874225.9375,827301.8125,836109.375,836109.375,2.05382E+12
03-09-2020,835608.125,838189.375,747916.3125,752531.375,752531.375,2.3451E+12
04-09-2020,751434.625,780135.0625,748254.3125,769950.4375,769950.4375,2.19483E+12
05-09-2020,770002.875,775059.875,728556.1875,744882.125,744882.125,3.28997E+12
06-09-2020,744710,758517,736628.6875,753452.625,753452.625,2.71699E+12
07-09-2020,753499.9375,764267.625,728510.75,761595.1875,761595.1875,2.47533E+12
08-09-2020,761576.3125,768096.375,734651.8125,747574.6875,747574.6875,2.46677E+12
09-09-2020,747769.125,759233,738947.5625,751046.25,751046.25,1.76927E+12
10-09-2020,751045,770357.4375,750737.4375,762048.75,762048.75,4.00075E+12
11-09-2020,762481.8125,766641.25,745097.875,764222.8125,764222.8125,3.32122E+12
12-09-2020,764880.1875,777296,756248.5625,767254.125,767254.125,2.70027E+12
13-09-2020,768005.6875,777176.75,751248,758577.6875,758577.6875,2.68248E+12
14-09-2020,758943.4375,792928.1875,754339.6875,783969.75,783969.75,2.60228E+12
15-09-2020,783743.5,805171.375,784334.625,794767.375,794767.375,2.39303E+12
16-09-2020,794827.0625,815449,787992.4375,807217.4375,807217.4375,2.26317E+12
17-09-2020,807095.875,812299.5625,793557.125,805666.625,805666.625,2.80735E+12
18-09-2020,805874.875,810188.4375,796956.625,805632.625,805632.625,1.93903E+12
19-09-2020,804835.1875,819582.25,803058.625,816656.5,816656.5,1.67568E+12
20-09-2020,816768.625,816768.625,796055.25,804346.375,804346.375,1.81628E+12
21-09-2020,804100.375,806349.1875,764050.5,769813.625,769813.625,2.12536E+12
22-09-2020,769619.6875,776882.5625,764245.6875,774611.125,774611.125,1.73628E+12
23-09-2020,774684.3125,782580.75,750730.5,754483.6875,754483.6875,1.696E+12
24-09-2020,754602.875,795888.3125,753411.25,794391.5625,794391.5625,1.70163E+12
25-09-2020,794533.8125,792858.25,781079.5625,788753.4375,788753.4375,1.56483E+12
26-09-2020,788749.5625,794370,787264.125,792596.6875,792596.6875,1.33433E+12
27-09-2020,792486.3125,796303.375,784417.5625,794070.375,794070.375,1.32784E+12
28-09-2020,793865.125,807396.0625,790289,790859.25,790859.25,1.67597E+12
29-09-2020,790205.375,800548.1875,786830.4375,799846.3125,799846.3125,1.50843E+12
30-09-2020,799594.25,800413.8125,788336.5625,793269.0625,793269.0625,1.52656E+12
01-10-2020,793077.375,799047.4375,768765.125,778205.125,778205.125,1.99092E+12
02-10-2020,778282.8125,781770.75,766867,776131.75,776131.75,1.69579E+12
03-10-2020,776032.1875,778252.8125,771938.75,774689.4375,774689.4375,1.25338E+12
04-10-2020,774867.375,784609.8125,772185.4375,783410.6875,783410.6875,1.28658E+12
05-10-2020,783675,789945.875,780011.75,789945.875,789945.875,1.41737E+12
06-10-2020,789637.125,789906.0625,777761.1875,781949.875,781949.875,1.63911E+12
07-10-2020,781813,783910.625,778694.6875,783190.8125,783190.8125,1.29328E+12
08-10-2020,783079.9375,802138.375,774026,800505.3125,800505.3125,1.60943E+12
09-10-2020,800638.4375,811786.5,796234.875,808371.125,808371.125,1.64843E+12
10-10-2020,806888.3125,834837.4375,806727.625,824196.0625,824196.0625,1.6692E+12
11-10-2020,824175.6875,833859.9375,823631.8125,831216.6875,831216.6875,1.45801E+12
12-10-2020,831833.9375,858097.1875,824034.5,847598,847598,1.91915E+12
13-10-2020,847110.75,847133.625,831402.875,838872.9375,838872.9375,1.77977E+12
14-10-2020,839104.125,845284.3125,828964.625,837731.9375,837731.9375,1.76667E+12
15-10-2020,837519.0625,848900.8125,830131,843431.0625,843431.0625,1.79667E+12
16-10-2020,843979.75,846780.875,823297.9375,831547.75,831547.75,1.88279E+12
17-10-2020,831547.75,836258.375,828846.6875,834190.1875,834190.1875,1.40503E+12
18-10-2020,834034.5625,843384.5,833417.375,843384.5,843384.5,1.3428E+12
19-10-2020,844242.1875,865449.4375,837054.75,861833.8125,861833.8125,1.75132E+12
20-10-2020,862122.875,881448,856953.375,875624.8125,875624.8125,2.27173E+12
21-10-2020,875385.4375,971858.125,874730.875,945436.75,945436.75,3.20078E+12
22-10-2020,943810.8125,969913.375,937535.9375,955938.875,955938.875,2.56053E+12
23-10-2020,956355.9375,958655.4375,941559.1875,954789.1875,954789.1875,2.13934E+12
24-10-2020,954791.75,970554.8125,951408.125,967822.6875,967822.6875,1.81206E+12
25-10-2020,967822.6875,984149,953203.375,962171.1875,962171.1875,1.80211E+12
26-10-2020,962173.1875,978685.3125,948453,966898.375,966898.375,2.17864E+12
27-10-2020,966898,1015658.938,965728.0625,1007752.875,1007752.875,2.49092E+12
28-10-2020,1007752.563,1019734.375,957976.625,984616.5625,984616.5625,2.66105E+12
29-10-2020,984617.5625,1012870.438,966485.5,998199.5625,998199.5625,4.19692E+12
30-10-2020,998198.8125,1016995.625,980091.75,1010758.25,1010758.25,2.2818E+12
31-10-2020,1010759.063,1046699.188,1004118.188,1028253.188,1028253.188,2.26128E+12
01-11-2020,1028253.188,1034299.813,1016865.875,1025276.063,1025276.063,1.82513E+12
02-11-2020,1025270.25,1031586.063,986205.625,1008973.5,1008973.5,2.29125E+12
03-11-2020,1008970.625,1044144.625,991763.875,1041555.25,1041555.25,2.23015E+12
04-11-2020,1041569.25,1056543.875,1016294.625,1048590.375,1048590.375,2.60531E+12
05-11-2020,1048592.375,1164434.25,1046237.5,1155050.875,1155050.875,3.02899E+12
06-11-2020,1155042,1176536.375,1126938.375,1151581.75,1151581.75,2.94725E+12
07-11-2020,1151581.75,1164248.375,1067045.125,1097418.25,1097418.25,2.59119E+12
08-11-2020,1097418.125,1156867,1090786.25,1145147.375,1145147.375,1.97019E+12
09-11-2020,1145149.5,1167243.875,1101734.75,1133938.25,1133938.25,2.52558E+12
10-11-2020,1133940.75,1145966.25,1124124.875,1135889.25,1135889.25,1.89984E+12
11-11-2020,1135889.75,1185911.125,1135822.75,1170436.875,1170436.875,2.21934E+12
12-11-2020,1170433.75,1217627.5,1159283.125,1218894.75,1218894.75,2.55934E+12
13-11-2020,1218901.875,1229186.25,1191920.875,1216295.125,1216295.125,2.35536E+12
14-11-2020,1216295.125,1216295.125,1173911.75,1197685.375,1197685.375,2.04843E+12
15-11-2020,1197685.375,1201782.75,1177216.875,1189296,1189296,1.76311E+12
16-11-2020,1189295.25,1249956.125,1184542.625,1243985.5,1243985.5,2.34617E+12
17-11-2020,1241721.625,1323503.75,1232982.75,1315554.25,1315554.25,2.90816E+12
18-11-2020,1315538.125,1370303.875,1285986.75,1321773.875,1321773.875,3.64258E+12
19-11-2020,1321763.125,1343927.625,1290906.875,1320301.625,1320301.625,2.74071E+12
20-11-2020,1320301.125,1391527.125,1316624,1381006,1381006,2.74349E+12
21-11-2020,1381006.125,1404390,1367882.5,1382557.375,1382557.375,2.94056E+12
22-11-2020,1382557.375,1386023.5,1310556.75,1362157.375,1362157.375,3.06099E+12
23-11-2020,1362158.5,1385646.625,1334219.875,1363430.5,1363430.5,3.17328E+12
24-11-2020,1363496.875,1432885.5,1340972.125,1413212.875,1413212.875,3.80676E+12
25-11-2020,1412987,1432784.125,1371111.125,1382251.625,1382251.625,3.22541E+12
26-11-2020,1382083.375,1392131.875,1206936.125,1266291.375,1266291.375,4.53315E+12
27-11-2020,1266534.25,1288080.625,1223648.75,1264934.5,1264934.5,2.87513E+12
28-11-2020,1265269.625,1320521.125,1250753.25,1310423.375,1310423.375,2.41125E+12
29-11-2020,1310587.625,1352301.875,1298715.375,1344213.625,1344213.625,2.30234E+12
30-11-2020,1344275.625,1460409.875,1344275.625,1452322.5,1452322.5,3.53193E+12
01-12-2020,1452909.75,1461725.75,1349377.375,1385217,1385217,3.65651E+12
02-12-2020,1385124.625,1423786.75,1347150,1414407.125,1414407.125,2.75408E+12
03-12-2020,1414763.25,1444759,1397163.375,1437778.25,1437778.25,2.3609E+12
04-12-2020,1437894.25,1441099.75,1379825.75,1380015.625,1380015.625,2.49973E+12
05-12-2020,1379913.75,1414013.375,1371929.375,1413554.5,1413554.5,2.01045E+12
06-12-2020,1413550.75,1431076.625,1394637.125,1427727.5,1427727.5,1.86676E+12
07-12-2020,1427580.5,1432650.625,1397255.875,1416537,1416537,1.98522E+12
08-12-2020,1416529.5,1422506.5,1346952.625,1350741.875,1350741.875,2.33654E+12
09-12-2020,1350722.75,1374761,1319207.5,1369604.5,1369604.5,2.54083E+12
10-12-2020,1369559.125,1369559.125,1323462.625,1347820.25,1347820.25,1.88519E+12
11-12-2020,1347741.875,1348075.625,1300480,1331632.875,1331632.875,2.05875E+12
12-12-2020,1331073.625,1395095.5,1330684.375,1386549.75,1386549.75,1.604E+12
13-12-2020,1386779,1429161.5,1381437.875,1411568.625,1411568.625,1.87673E+12
14-12-2020,1411724.25,1421642.25,1401962,1417556.75,1417556.75,1.65526E+12
15-12-2020,1417577.125,1434595.25,1405073,1427655.25,1427655.25,1.96622E+12
16-12-2020,1427783.25,1579503.5,1423360.875,1568584.75,1568584.75,3.26876E+12
17-12-2020,1568419.375,1737833.625,1563722.75,1676864.375,1676864.375,5.24847E+12
18-12-2020,1676984.625,1708066.25,1646619.375,1703118.125,1703118.125,2.97284E+12
19-12-2020,1702743.125,1772890,1680190.375,1756989.125,1756989.125,2.83296E+12
20-12-2020,1756395.375,1782002.875,1703835.875,1727846,1727846,2.7852E+12
21-12-2020,1727637,1773343.25,1640704.25,1685955.875,1685955.875,3.39014E+12
22-12-2020,1685287.375,1763343.25,1657446.625,1762833.75,1762833.75,3.27407E+12
23-12-2020,1762755.625,1772905.25,1683869.25,1716141.375,1716141.375,3.77663E+12
24-12-2020,1716057,1748355.125,1678788.625,1745972.625,1745972.625,3.02182E+12
25-12-2020,1745797.625,1817651.625,1726106.125,1814318.625,1814318.625,3.09451E+12
26-12-2020,1815217.875,1965356,1803865.75,1944683.375,1944683.375,3.5553E+12
27-12-2020,1944855.25,2089131,1914396.625,1936930.75,1936930.75,4.90125E+12
28-12-2020,1937559.5,2013748.875,1932164.125,1991956.25,1991956.25,3.60789E+12
29-12-2020,1991735.75,2010052.25,1907740.5,2009443.875,2009443.875,3.32424E+12
30-12-2020,2009271.625,2117999.5,2009271.625,2110859.25,2110859.25,3.75371E+12
31-12-2020,2110904.75,2140422.25,2058085.375,2118790.25,2118790.25,3.4158E+12
01-01-2021,2118227,2163227.25,2104315,2147022.75,2147022.75,2.97707E+12
02-01-2021,2147191.25,2423382.25,2126340,2348254.25,2348254.25,4.96044E+12
03-01-2021,2348410.75,2529617.25,2342776,2395940.25,2395940.25,5.74941E+12
04-01-2021,2398054.25,2437574.75,2097177.5,2336819,2336819,5.93222E+12
05-01-2021,2337193.75,2518591.25,2209558.75,2487166.5,2487166.5,4.94232E+12
06-01-2021,2488716.75,2697471.5,2454056.75,2693424.25,2693424.25,5.50685E+12
07-01-2021,2694120,2951202,2671167,2891625.75,2891625.75,6.2254E+12
08-01-2021,2892413.25,3074446,2704389,2993704.25,2993704.25,6.46528E+12
09-01-2021,2993046,3038962,2860393.25,2953814.25,2953814.25,4.5483E+12
10-01-2021,2953790,3039347.25,2640494.25,2813688.5,2813688.5,5.8671E+12
11-01-2021,2812961.5,2812961.5,2245556,2614815.75,2614815.75,9.06637E+12
12-01-2021,2611118.25,2680655.75,2397142.75,2481337.5,2481337.5,5.46939E+12
13-01-2021,2480764,2751168.5,2383596.25,2730439.75,2730439.75,5.07539E+12
14-01-2021,2731080,2920723.25,2697886.5,2864221.75,2864221.75,4.64973E+12
15-01-2021,2861983.75,2891636.5,2536069.75,2694199,2694199,4.95748E+12
16-01-2021,2693927,2770214,2605899.75,2645725.5,2645725.5,4.22008E+12
17-01-2021,2644665.75,2686699,2492596.75,2617995.75,2617995.75,3.82992E+12
18-01-2021,2618066,2734263.25,2555848.5,2680935.25,2680935.25,3.62373E+12
19-01-2021,2681825,2762476,2640030.25,2640030.25,2640030.25,4.18983E+12
,,,,,,
,,,,,,
